Date,seasonal
2014-11-25,0.17659210333166597
2014-11-26,0.790434207890716
2014-11-28,0.0682237061371529
2014-12-01,0.377927560911385
2014-12-02,-0.9580216514285318
2014-12-03,-0.23575650718490082
2014-12-04,-0.4226612367406264
2014-12-05,1.0465529265649367
2014-12-08,0.8400347202516055
2014-12-09,2.101380626269708
2014-12-10,2.0595141112712474
2014-12-11,2.9791188333856806
2014-12-12,3.025438228825516
2014-12-15,3.6881723084042157
2014-12-16,5.041472659063692
2014-12-17,4.372259673262892
2014-12-18,6.518526948441717
2014-12-19,6.082376163317794
2014-12-22,6.6457267815844165
2014-12-23,5.8937304512186675
2014-12-24,7.266692497105966
2014-12-26,6.524268555550321
2014-12-29,5.895773275602396
2014-12-30,5.4508205241988925
2014-12-31,6.0747796657603095
2015-01-02,5.078597571552118
2015-01-05,4.111775348846847
2015-01-06,4.1759449286183745
2015-01-07,3.632276319277927
2015-01-08,1.874868699749365
2015-01-09,0.6440280777314358
2015-01-12,-0.32002829436674407
2015-01-13,-1.207245905740548
2015-01-14,-0.6074541777600457
2015-01-15,2.8879294323774705
2015-01-16,3.872037100483329
2015-01-20,1.8674879329025265
2015-01-21,3.118880478559065
2015-01-22,2.200214213776871
2015-01-23,-0.39060379596982475
2015-01-26,0.9212532864493939
2015-01-27,1.2783293931087099
2015-01-28,2.4688189905163793
2015-01-29,3.109483983872183
2015-01-30,2.8983024895643528
2015-02-02,3.003197376713408
2015-02-03,4.236676574315689
2015-02-04,5.954444800137965
2015-02-05,2.5242342929497585
2015-02-06,1.4214743821224158
2015-02-09,-0.380218517816723
2015-02-10,-1.316997846602787
2015-02-11,-0.3387144826682713
2015-02-12,-0.24734137698771574
2015-02-13,0.3180519646341382
2015-02-17,0.07658088568307564
2015-02-18,1.4333206684257758
2015-02-19,-0.306406839561725
2015-02-20,-0.1241276342394626
2015-02-23,-0.4060937034304746
2015-02-24,0.8744248745283719
2015-02-25,0.4464066616656379
2015-02-26,0.810116847374179
2015-02-27,1.0425512638446284
2015-03-02,1.7410480048738668
2015-03-03,1.7868328898100208
2015-03-04,2.08974811281412
2015-03-05,3.735134172022109
2015-03-06,4.512396364142976
2015-03-09,3.865544767920337
2015-03-10,5.013082410447165
2015-03-11,4.520898293160474
2015-03-12,2.03325496853926
2015-03-13,-1.1352319566990763
2015-03-16,-1.2729669072132175
2015-03-17,-1.0152096767768113
2015-03-18,-3.6683463507955434
2015-03-19,-4.012073243136217
2015-03-20,-2.4696860237028595
2015-03-23,-0.46034654741794
2015-03-24,-1.9970526967238682
2015-03-25,-3.5008364548786046
2015-03-26,-3.112973699812967
2015-03-27,-3.1513932891996586
2015-03-30,-3.2747410863321758
2015-03-31,-4.068798254813727
2015-04-01,-4.424505163854074
2015-04-02,-3.683691055898204
2015-04-06,-2.429512049818104
2015-04-07,-4.1184624360396525
2015-04-08,-4.031034486787449
2015-04-09,-4.466017786426023
2015-04-10,-6.1411523355016495
2015-04-13,-4.747459834659959
2015-04-14,-5.393653505342159
2015-04-15,-4.93243786688094
2015-04-16,-1.8455387287308118
2015-04-17,-2.8540956520963006
2015-04-20,-2.316642736608534
2015-04-21,-2.6305645178261896
2015-04-22,-2.8870520811466855
2015-04-23,-2.6749720148664036
2015-04-24,-2.110692568329868
2015-04-27,-0.8574985432118167
2015-04-28,-0.45208437822010783
2015-04-29,-0.5393062084052842
2015-04-30,0.985948183129979
2015-05-01,0.24129232839528836
2015-05-04,-0.2588469846972059
2015-05-05,-0.49592350278646147
2015-05-06,1.3339377854148577
2015-05-07,1.5479949692248707
2015-05-08,2.44310724813269
2015-05-11,1.406283391900856
2015-05-12,3.0916963292219526
2015-05-13,3.423905525269065
2015-05-14,3.1713901957600843
2015-05-15,3.409712682811691
2015-05-18,4.773393361227213
2015-05-19,3.821244746056374
2015-05-20,4.6063931576373385
2015-05-21,6.321967274104677
2015-05-22,6.393264779452925
2015-05-26,9.119196450456148
2015-05-27,8.225611778390512
2015-05-28,7.2510466329763394
2015-05-29,6.713070283541983
2015-06-01,5.531159414239721
2015-06-02,3.2985461145955637
2015-06-03,3.7333234937403734
2015-06-04,2.88168712447936
2015-06-05,3.431680369503993
2015-06-08,3.3958150212803364
2015-06-09,4.443779063351659
2015-06-10,5.9542532709815665
2015-06-11,7.8564800613183
2015-06-12,9.227498984028262
2015-06-15,8.167215884022022
2015-06-16,9.692647125967618
2015-06-17,9.819848502407922
2015-06-18,9.864755620277686
2015-06-19,10.1781359269919
2015-06-22,9.323482605982651
2015-06-23,6.2927733628353195
2015-06-24,5.615145427295122
2015-06-25,4.972168985193221
2015-06-26,4.831362405603386
2015-06-29,6.088579946605648
2015-06-30,7.44984307752522
2015-07-01,5.77119011088218
2015-07-02,5.649108908205321
2015-07-06,6.322519970785604
2015-07-07,8.297912740377024
2015-07-08,7.46302878242272
2015-07-09,7.0131202222838915
2015-07-10,6.512240897984862
2015-07-13,5.894790721066506
2015-07-14,7.116127645998304
2015-07-15,6.659530017339541
2015-07-16,8.106403696304653
2015-07-17,7.8247135366768195
2015-07-20,8.41290537435341
2015-07-21,9.224840226430937
2015-07-22,9.706337322662469
2015-07-23,7.733629497955437
2015-07-24,8.743872309184562
2015-07-27,8.026700866447246
2015-07-28,8.68615200571443
2015-07-29,8.089137210123676
2015-07-30,10.349652463896115
2015-07-31,10.848632863249993
2015-08-03,9.789954755139181
2015-08-04,10.482487601250327
2015-08-05,10.063497034944408
2015-08-06,10.63790854734541
2015-08-07,13.051214541666637
2015-08-10,13.29963640245298
2015-08-11,13.722714810890208
2015-08-12,13.570334280937834
2015-08-13,16.62554317585034
2015-08-14,16.84510050374794
2015-08-17,16.73428886576498
2015-08-18,13.47276034966621
2015-08-19,12.725009463820344
2015-08-20,10.814744420047811
2015-08-21,9.105749733172113
2015-08-24,8.09930428132245
2015-08-25,8.134393465809135
2015-08-26,8.489494538216332
2015-08-27,7.616649438057346
2015-08-28,6.17387515400811
2015-08-31,7.030656428115607
2015-09-01,8.56457134775543
2015-09-02,8.417410008566062
2015-09-03,7.733610822312419
2015-09-04,8.419463134374293
2015-09-08,6.512571237529857
2015-09-09,5.911118130505938
2015-09-10,6.345394937759727
2015-09-11,5.813222084106991
2015-09-14,6.708170999910789
2015-09-15,6.84781493990012
2015-09-16,5.755334067036093
2015-09-17,4.455900481647044
2015-09-18,2.288470349482257
2015-09-21,3.3442463515736134
2015-09-22,3.295535133980758
2015-09-23,4.178302958476002
2015-09-24,1.46279429106574
2015-09-25,0.9059179839658419
2015-09-28,1.5843639410974235
2015-09-29,0.7955766880529388
2015-09-30,1.2018667894047175
2015-10-01,1.15053751546668
2015-10-02,1.6199774531104691
2015-10-05,2.906347525845425
2015-10-06,4.122788773515508
2015-10-07,4.263486594170256
2015-10-08,3.980457123247529
2015-10-09,4.269726529640194
2015-10-12,3.5458889811186314
2015-10-13,3.936184067286913
2015-10-14,5.312853678412136
2015-10-15,3.4873266893070576
2015-10-16,2.6082386646276836
2015-10-19,1.640018423307485
2015-10-20,1.766965810584733
2015-10-21,3.3070392332300633
2015-10-22,6.304937502256327
2015-10-23,6.467946793953073
2015-10-26,7.7458657619795845
2015-10-27,7.642330864919979
2015-10-28,6.5731839831197165
2015-10-29,0.6980530780380118
2015-10-30,-0.4332365286224429
2015-11-02,-1.9224308917331199
2015-11-03,-2.2311334285381728
2015-11-04,-0.07129207395903903
2015-11-05,-1.002903641068723
2015-11-06,-0.3580916188987624
2015-11-09,0.05339250109136784
2015-11-10,1.5827568317837561
2015-11-11,-0.3766407324118748
2015-11-12,-3.0379841022659617
2015-11-13,-0.7229094254735846
2015-11-16,-1.7085806561207055
2015-11-17,-1.6579515898972905
2015-11-18,-3.6502982516086897
2015-11-19,-3.8252522940869307
2015-11-20,-2.688283899149874
2015-11-23,-4.104244226716356
2015-11-24,-4.167338183790004
2015-11-25,-4.647109572292423
2015-11-27,-2.976176795549544
2015-11-30,-4.292480759406694
2015-12-01,-5.426416222671881
2015-12-02,-5.8359073462371365
2015-12-03,-9.477337219490273
2015-12-04,-7.964478620528567
2015-12-07,-9.4470211340232
2015-12-08,-10.721023728296023
2015-12-09,-9.896767409624541
2015-12-10,-10.231984367309057
2015-12-11,-13.364891719146895
2015-12-14,-11.969947520329473
2015-12-15,-11.453688214558397
2015-12-16,-11.031516532139618
2015-12-17,-11.4378539218026
2015-12-18,-11.890453577023605
2015-12-21,-11.333462045163817
2015-12-22,-12.539183711334392
2015-12-23,-13.08552182143513
2015-12-24,-13.254217394937076
2015-12-28,-12.422948746467231
2015-12-29,-12.179882639819041
2015-12-30,-11.631119977811096
2015-12-31,-10.811065542952063
2016-01-04,-12.35074889102859
2016-01-05,-13.995188671904014
2016-01-06,-14.321137629234022
2016-01-07,-13.358671141088228
2016-01-08,-12.546716682860247
2016-01-11,-11.755389235099653
2016-01-12,-12.353118702900968
2016-01-13,-11.775044182319553
2016-01-14,-12.27834094646691
2016-01-15,-12.361162162788858
2016-01-19,-12.61859917638882
2016-01-20,-11.64592705620309
2016-01-21,-11.81794881927744
2016-01-22,-9.643998550806359
2016-01-25,-12.271953847292298
2016-01-26,-12.576124579485644
2016-01-27,-12.346791269772067
2016-01-28,-10.860920027057269
2016-01-29,-10.374533610347683
2016-02-01,-11.290888509993628
2016-02-02,-11.285028760491386
2016-02-03,-12.04698210043826
2016-02-04,-13.359854117031473
2016-02-05,-12.517945542818278
2016-02-08,-12.725122611798582
2016-02-09,-12.544081820944625
2016-02-10,-13.79776569673835
2016-02-11,-13.605852375926986
2016-02-12,-13.49380394028034
2016-02-16,-14.306054371985624
2016-02-17,-11.888665988982513
2016-02-18,-12.448090492953382
2016-02-19,-11.83062205704757
2016-02-22,-11.748430380737899
2016-02-23,-11.69859709171775
2016-02-24,-11.478842147173365
2016-02-25,-11.223999373317792
2016-02-26,-11.830029709462648
2016-02-29,-11.843957012411073
2016-03-01,-12.67583256005527
2016-03-02,-10.78416826930052
2016-03-03,-10.708465330332315
2016-03-04,-11.583594204392558
2016-03-07,-9.093411813787617
2016-03-08,-6.19602190629909
2016-03-09,-5.792009729646069
2016-03-10,-5.889159401784156
2016-03-11,-4.96550055528171
2016-03-14,-4.51415473357015
2016-03-15,-5.318689238081741
2016-03-16,-4.032114558223652
2016-03-17,-4.2990636692563795
2016-03-18,-2.380708370234265
2016-03-21,-1.3790820306658567
2016-03-22,-2.2696311408346173
2016-03-23,-1.6707584936144604
2016-03-24,-2.225662706740314
2016-03-28,-2.11171196517709
2016-03-29,-1.8049607766637534
2016-03-30,-0.7534883279054163
2016-03-31,0.9523489183666969
2016-04-01,0.9130033573783665
2016-04-04,-1.0380043567407695
2016-04-05,-1.8371725506798133
2016-04-06,-1.3702527657855474
2016-04-07,-0.4659891814221697
2016-04-08,-0.26077710655012565
2016-04-11,-0.7064747133031359
2016-04-12,-1.127191815075215
2016-04-13,-2.9896264217579764
2016-04-14,-2.5510512275602917
2016-04-15,-1.1401701537261302
2016-04-18,-1.1772620856309628
2016-04-19,-1.4316412884170602
2016-04-20,-2.956185332807176
2016-04-21,-2.392358636838072
2016-04-22,-1.454294622525176
2016-04-25,-2.053340986529947
2016-04-26,-2.2319833117352825
2016-04-27,-2.1419811734145764
2016-04-28,-1.061887664210811
2016-04-29,3.1817744827886156
2016-05-02,3.129177429922686
2016-05-03,0.7321586733175225
2016-05-04,0.29552208736774244
2016-05-05,1.1258996573937254
2016-05-06,1.043681755475844
2016-05-09,0.356768295663179
2016-05-10,0.17659210333166597
2016-05-11,0.790434207890716
2016-05-12,0.0682237061371529
2016-05-13,0.377927560911385
2016-05-16,-0.9580216514285318
2016-05-17,-0.23575650718490082
2016-05-18,-0.4226612367406264
2016-05-19,1.0465529265649367
2016-05-20,0.8400347202516055
2016-05-23,2.101380626269708
2016-05-24,2.0595141112712474
2016-05-25,2.9791188333856806
2016-05-26,3.025438228825516
2016-05-27,3.6881723084042157
2016-05-31,5.041472659063692
2016-06-01,4.372259673262892
2016-06-02,6.518526948441717
2016-06-03,6.082376163317794
2016-06-06,6.6457267815844165
2016-06-07,5.8937304512186675
2016-06-08,7.266692497105966
2016-06-09,6.524268555550321
2016-06-10,5.895773275602396
2016-06-13,5.4508205241988925
2016-06-14,6.0747796657603095
2016-06-15,5.078597571552118
2016-06-16,4.111775348846847
2016-06-17,4.1759449286183745
2016-06-20,3.632276319277927
2016-06-21,1.874868699749365
2016-06-22,0.6440280777314358
2016-06-23,-0.32002829436674407
2016-06-24,-1.207245905740548
2016-06-27,-0.6074541777600457
2016-06-28,2.8879294323774705
2016-06-29,3.872037100483329
2016-06-30,1.8674879329025265
2016-07-01,3.118880478559065
2016-07-05,2.200214213776871
2016-07-06,-0.39060379596982475
2016-07-07,0.9212532864493939
2016-07-08,1.2783293931087099
2016-07-11,2.4688189905163793
2016-07-12,3.109483983872183
2016-07-13,2.8983024895643528
2016-07-14,3.003197376713408
2016-07-15,4.236676574315689
2016-07-18,5.954444800137965
2016-07-19,2.5242342929497585
2016-07-20,1.4214743821224158
2016-07-21,-0.380218517816723
2016-07-22,-1.316997846602787
2016-07-25,-0.3387144826682713
2016-07-26,-0.24734137698771574
2016-07-27,0.3180519646341382
2016-07-28,0.07658088568307564
2016-07-29,1.4333206684257758
2016-08-01,-0.306406839561725
2016-08-02,-0.1241276342394626
2016-08-03,-0.4060937034304746
2016-08-04,0.8744248745283719
2016-08-05,0.4464066616656379
2016-08-08,0.810116847374179
2016-08-09,1.0425512638446284
2016-08-10,1.7410480048738668
2016-08-11,1.7868328898100208
2016-08-12,2.08974811281412
2016-08-15,3.735134172022109
2016-08-16,4.512396364142976
2016-08-17,3.865544767920337
2016-08-18,5.013082410447165
2016-08-19,4.520898293160474
2016-08-22,2.03325496853926
2016-08-23,-1.1352319566990763
2016-08-24,-1.2729669072132175
2016-08-25,-1.0152096767768113
2016-08-26,-3.6683463507955434
2016-08-29,-4.012073243136217
2016-08-30,-2.4696860237028595
2016-08-31,-0.46034654741794
2016-09-01,-1.9970526967238682
2016-09-02,-3.5008364548786046
2016-09-06,-3.112973699812967
2016-09-07,-3.1513932891996586
2016-09-08,-3.2747410863321758
2016-09-09,-4.068798254813727
2016-09-12,-4.424505163854074
2016-09-13,-3.683691055898204
2016-09-14,-2.429512049818104
2016-09-15,-4.1184624360396525
2016-09-16,-4.031034486787449
2016-09-19,-4.466017786426023
2016-09-20,-6.1411523355016495
2016-09-21,-4.747459834659959
2016-09-22,-5.393653505342159
2016-09-23,-4.93243786688094
2016-09-26,-1.8455387287308118
2016-09-27,-2.8540956520963006
2016-09-28,-2.316642736608534
2016-09-29,-2.6305645178261896
2016-09-30,-2.8870520811466855
2016-10-03,-2.6749720148664036
2016-10-04,-2.110692568329868
2016-10-05,-0.8574985432118167
2016-10-06,-0.45208437822010783
2016-10-07,-0.5393062084052842
2016-10-10,0.985948183129979
2016-10-11,0.24129232839528836
2016-10-12,-0.2588469846972059
2016-10-13,-0.49592350278646147
2016-10-14,1.3339377854148577
2016-10-17,1.5479949692248707
2016-10-18,2.44310724813269
2016-10-19,1.406283391900856
2016-10-20,3.0916963292219526
2016-10-21,3.423905525269065
2016-10-24,3.1713901957600843
2016-10-25,3.409712682811691
2016-10-26,4.773393361227213
2016-10-27,3.821244746056374
2016-10-28,4.6063931576373385
2016-10-31,6.321967274104677
2016-11-01,6.393264779452925
2016-11-02,9.119196450456148
2016-11-03,8.225611778390512
2016-11-04,7.2510466329763394
2016-11-07,6.713070283541983
2016-11-08,5.531159414239721
2016-11-09,3.2985461145955637
2016-11-10,3.7333234937403734
2016-11-11,2.88168712447936
2016-11-14,3.431680369503993
2016-11-15,3.3958150212803364
2016-11-16,4.443779063351659
2016-11-17,5.9542532709815665
2016-11-18,7.8564800613183
2016-11-21,9.227498984028262
2016-11-22,8.167215884022022
2016-11-23,9.692647125967618
2016-11-25,9.819848502407922
2016-11-28,9.864755620277686
2016-11-29,10.1781359269919
2016-11-30,9.323482605982651
2016-12-01,6.2927733628353195
2016-12-02,5.615145427295122
2016-12-05,4.972168985193221
2016-12-06,4.831362405603386
2016-12-07,6.088579946605648
2016-12-08,7.44984307752522
2016-12-09,5.77119011088218
2016-12-12,5.649108908205321
2016-12-13,6.322519970785604
2016-12-14,8.297912740377024
2016-12-15,7.46302878242272
2016-12-16,7.0131202222838915
2016-12-19,6.512240897984862
2016-12-20,5.894790721066506
2016-12-21,7.116127645998304
2016-12-22,6.659530017339541
2016-12-23,8.106403696304653
2016-12-27,7.8247135366768195
2016-12-28,8.41290537435341
2016-12-29,9.224840226430937
2016-12-30,9.706337322662469
2017-01-03,7.733629497955437
2017-01-04,8.743872309184562
2017-01-05,8.026700866447246
2017-01-06,8.68615200571443
2017-01-09,8.089137210123676
2017-01-10,10.349652463896115
2017-01-11,10.848632863249993
2017-01-12,9.789954755139181
2017-01-13,10.482487601250327
2017-01-17,10.063497034944408
2017-01-18,10.63790854734541
2017-01-19,13.051214541666637
2017-01-20,13.29963640245298
2017-01-23,13.722714810890208
2017-01-24,13.570334280937834
2017-01-25,16.62554317585034
2017-01-26,16.84510050374794
2017-01-27,16.73428886576498
2017-01-30,13.47276034966621
2017-01-31,12.725009463820344
2017-02-01,10.814744420047811
2017-02-02,9.105749733172113
2017-02-03,8.09930428132245
2017-02-06,8.134393465809135
2017-02-07,8.489494538216332
2017-02-08,7.616649438057346
2017-02-09,6.17387515400811
2017-02-10,7.030656428115607
2017-02-13,8.56457134775543
2017-02-14,8.417410008566062
2017-02-15,7.733610822312419
2017-02-16,8.419463134374293
2017-02-17,6.512571237529857
2017-02-21,5.911118130505938
2017-02-22,6.345394937759727
2017-02-23,5.813222084106991
2017-02-24,6.708170999910789
2017-02-27,6.84781493990012
2017-02-28,5.755334067036093
2017-03-01,4.455900481647044
2017-03-02,2.288470349482257
2017-03-03,3.3442463515736134
2017-03-06,3.295535133980758
2017-03-07,4.178302958476002
2017-03-08,1.46279429106574
2017-03-09,0.9059179839658419
2017-03-10,1.5843639410974235
2017-03-13,0.7955766880529388
2017-03-14,1.2018667894047175
2017-03-15,1.15053751546668
2017-03-16,1.6199774531104691
2017-03-17,2.906347525845425
2017-03-20,4.122788773515508
2017-03-21,4.263486594170256
2017-03-22,3.980457123247529
2017-03-23,4.269726529640194
2017-03-24,3.5458889811186314
2017-03-27,3.936184067286913
2017-03-28,5.312853678412136
2017-03-29,3.4873266893070576
2017-03-30,2.6082386646276836
2017-03-31,1.640018423307485
2017-04-03,1.766965810584733
2017-04-04,3.3070392332300633
2017-04-05,6.304937502256327
2017-04-06,6.467946793953073
2017-04-07,7.7458657619795845
2017-04-10,7.642330864919979
2017-04-11,6.5731839831197165
2017-04-12,0.6980530780380118
2017-04-13,-0.4332365286224429
2017-04-17,-1.9224308917331199
2017-04-18,-2.2311334285381728
2017-04-19,-0.07129207395903903
2017-04-20,-1.002903641068723
2017-04-21,-0.3580916188987624
2017-04-24,0.05339250109136784
2017-04-25,1.5827568317837561
2017-04-26,-0.3766407324118748
2017-04-27,-3.0379841022659617
2017-04-28,-0.7229094254735846
2017-05-01,-1.7085806561207055
2017-05-02,-1.6579515898972905
2017-05-03,-3.6502982516086897
2017-05-04,-3.8252522940869307
2017-05-05,-2.688283899149874
2017-05-08,-4.104244226716356
2017-05-09,-4.167338183790004
2017-05-10,-4.647109572292423
2017-05-11,-2.976176795549544
2017-05-12,-4.292480759406694
2017-05-15,-5.426416222671881
2017-05-16,-5.8359073462371365
2017-05-17,-9.477337219490273
2017-05-18,-7.964478620528567
2017-05-19,-9.4470211340232
2017-05-22,-10.721023728296023
2017-05-23,-9.896767409624541
2017-05-24,-10.231984367309057
2017-05-25,-13.364891719146895
2017-05-26,-11.969947520329473
2017-05-30,-11.453688214558397
2017-05-31,-11.031516532139618
2017-06-01,-11.4378539218026
2017-06-02,-11.890453577023605
2017-06-05,-11.333462045163817
2017-06-06,-12.539183711334392
2017-06-07,-13.08552182143513
2017-06-08,-13.254217394937076
2017-06-09,-12.422948746467231
2017-06-12,-12.179882639819041
2017-06-13,-11.631119977811096
2017-06-14,-10.811065542952063
2017-06-15,-12.35074889102859
2017-06-16,-13.995188671904014
2017-06-19,-14.321137629234022
2017-06-20,-13.358671141088228
2017-06-21,-12.546716682860247
2017-06-22,-11.755389235099653
2017-06-23,-12.353118702900968
2017-06-26,-11.775044182319553
2017-06-27,-12.27834094646691
2017-06-28,-12.361162162788858
2017-06-29,-12.61859917638882
2017-06-30,-11.64592705620309
2017-07-03,-11.81794881927744
2017-07-05,-9.643998550806359
2017-07-06,-12.271953847292298
2017-07-07,-12.576124579485644
2017-07-10,-12.346791269772067
2017-07-11,-10.860920027057269
2017-07-12,-10.374533610347683
2017-07-13,-11.290888509993628
2017-07-14,-11.285028760491386
2017-07-17,-12.04698210043826
2017-07-18,-13.359854117031473
2017-07-19,-12.517945542818278
2017-07-20,-12.725122611798582
2017-07-21,-12.544081820944625
2017-07-24,-13.79776569673835
2017-07-25,-13.605852375926986
2017-07-26,-13.49380394028034
2017-07-27,-14.306054371985624
2017-07-28,-11.888665988982513
2017-07-31,-12.448090492953382
2017-08-01,-11.83062205704757
2017-08-02,-11.748430380737899
2017-08-03,-11.69859709171775
2017-08-04,-11.478842147173365
2017-08-07,-11.223999373317792
2017-08-08,-11.830029709462648
2017-08-09,-11.843957012411073
2017-08-10,-12.67583256005527
2017-08-11,-10.78416826930052
2017-08-14,-10.708465330332315
2017-08-15,-11.583594204392558
2017-08-16,-9.093411813787617
2017-08-17,-6.19602190629909
2017-08-18,-5.792009729646069
2017-08-21,-5.889159401784156
2017-08-22,-4.96550055528171
2017-08-23,-4.51415473357015
2017-08-24,-5.318689238081741
2017-08-25,-4.032114558223652
2017-08-28,-4.2990636692563795
2017-08-29,-2.380708370234265
2017-08-30,-1.3790820306658567
2017-08-31,-2.2696311408346173
2017-09-01,-1.6707584936144604
2017-09-05,-2.225662706740314
2017-09-06,-2.11171196517709
2017-09-07,-1.8049607766637534
2017-09-08,-0.7534883279054163
2017-09-11,0.9523489183666969
2017-09-12,0.9130033573783665
2017-09-13,-1.0380043567407695
2017-09-14,-1.8371725506798133
2017-09-15,-1.3702527657855474
2017-09-18,-0.4659891814221697
2017-09-19,-0.26077710655012565
2017-09-20,-0.7064747133031359
2017-09-21,-1.127191815075215
2017-09-22,-2.9896264217579764
2017-09-25,-2.5510512275602917
2017-09-26,-1.1401701537261302
2017-09-27,-1.1772620856309628
2017-09-28,-1.4316412884170602
2017-09-29,-2.956185332807176
2017-10-02,-2.392358636838072
2017-10-03,-1.454294622525176
2017-10-04,-2.053340986529947
2017-10-05,-2.2319833117352825
2017-10-06,-2.1419811734145764
2017-10-09,-1.061887664210811
2017-10-10,3.1817744827886156
2017-10-11,3.129177429922686
2017-10-12,0.7321586733175225
2017-10-13,0.29552208736774244
2017-10-16,1.1258996573937254
2017-10-17,1.043681755475844
2017-10-18,0.356768295663179
2017-10-19,0.17659210333166597
2017-10-20,0.790434207890716
2017-10-23,0.0682237061371529
2017-10-24,0.377927560911385
2017-10-25,-0.9580216514285318
2017-10-26,-0.23575650718490082
2017-10-27,-0.4226612367406264
2017-10-30,1.0465529265649367
2017-10-31,0.8400347202516055
2017-11-01,2.101380626269708
2017-11-02,2.0595141112712474
2017-11-03,2.9791188333856806
2017-11-06,3.025438228825516
2017-11-07,3.6881723084042157
2017-11-08,5.041472659063692
2017-11-09,4.372259673262892
2017-11-10,6.518526948441717
2017-11-13,6.082376163317794
2017-11-14,6.6457267815844165
2017-11-15,5.8937304512186675
2017-11-16,7.266692497105966
2017-11-17,6.524268555550321
2017-11-20,5.895773275602396
2017-11-21,5.4508205241988925
2017-11-22,6.0747796657603095
2017-11-24,5.078597571552118
2017-11-27,4.111775348846847
2017-11-28,4.1759449286183745
2017-11-29,3.632276319277927
2017-11-30,1.874868699749365
2017-12-01,0.6440280777314358
2017-12-04,-0.32002829436674407
2017-12-05,-1.207245905740548
2017-12-06,-0.6074541777600457
2017-12-07,2.8879294323774705
2017-12-08,3.872037100483329
2017-12-11,1.8674879329025265
2017-12-12,3.118880478559065
2017-12-13,2.200214213776871
2017-12-14,-0.39060379596982475
2017-12-15,0.9212532864493939
2017-12-18,1.2783293931087099
2017-12-19,2.4688189905163793
2017-12-20,3.109483983872183
2017-12-21,2.8983024895643528
2017-12-22,3.003197376713408
2017-12-26,4.236676574315689
2017-12-27,5.954444800137965
2017-12-28,2.5242342929497585
2017-12-29,1.4214743821224158
2018-01-02,-0.380218517816723
2018-01-03,-1.316997846602787
2018-01-04,-0.3387144826682713
2018-01-05,-0.24734137698771574
2018-01-08,0.3180519646341382
2018-01-09,0.07658088568307564
2018-01-10,1.4333206684257758
2018-01-11,-0.306406839561725
2018-01-12,-0.1241276342394626
2018-01-16,-0.4060937034304746
2018-01-17,0.8744248745283719
2018-01-18,0.4464066616656379
2018-01-19,0.810116847374179
2018-01-22,1.0425512638446284
2018-01-23,1.7410480048738668
2018-01-24,1.7868328898100208
2018-01-25,2.08974811281412
2018-01-26,3.735134172022109
2018-01-29,4.512396364142976
2018-01-30,3.865544767920337
2018-01-31,5.013082410447165
2018-02-01,4.520898293160474
2018-02-02,2.03325496853926
2018-02-05,-1.1352319566990763
2018-02-06,-1.2729669072132175
2018-02-07,-1.0152096767768113
2018-02-08,-3.6683463507955434
2018-02-09,-4.012073243136217
2018-02-12,-2.4696860237028595
2018-02-13,-0.46034654741794
2018-02-14,-1.9970526967238682
2018-02-15,-3.5008364548786046
2018-02-16,-3.112973699812967
2018-02-20,-3.1513932891996586
2018-02-21,-3.2747410863321758
2018-02-22,-4.068798254813727
2018-02-23,-4.424505163854074
2018-02-26,-3.683691055898204
2018-02-27,-2.429512049818104
2018-02-28,-4.1184624360396525
2018-03-01,-4.031034486787449
2018-03-02,-4.466017786426023
2018-03-05,-6.1411523355016495
2018-03-06,-4.747459834659959
2018-03-07,-5.393653505342159
2018-03-08,-4.93243786688094
2018-03-09,-1.8455387287308118
2018-03-12,-2.8540956520963006
2018-03-13,-2.316642736608534
2018-03-14,-2.6305645178261896
2018-03-15,-2.8870520811466855
2018-03-16,-2.6749720148664036
2018-03-19,-2.110692568329868
2018-03-20,-0.8574985432118167
2018-03-21,-0.45208437822010783
2018-03-22,-0.5393062084052842
2018-03-23,0.985948183129979
2018-03-26,0.24129232839528836
2018-03-27,-0.2588469846972059
2018-03-28,-0.49592350278646147
2018-03-29,1.3339377854148577
2018-04-02,1.5479949692248707
2018-04-03,2.44310724813269
2018-04-04,1.406283391900856
2018-04-05,3.0916963292219526
2018-04-06,3.423905525269065
2018-04-09,3.1713901957600843
2018-04-10,3.409712682811691
2018-04-11,4.773393361227213
2018-04-12,3.821244746056374
2018-04-13,4.6063931576373385
2018-04-16,6.321967274104677
2018-04-17,6.393264779452925
2018-04-18,9.119196450456148
2018-04-19,8.225611778390512
2018-04-20,7.2510466329763394
2018-04-23,6.713070283541983
2018-04-24,5.531159414239721
2018-04-25,3.2985461145955637
2018-04-26,3.7333234937403734
2018-04-27,2.88168712447936
2018-04-30,3.431680369503993
2018-05-01,3.3958150212803364
2018-05-02,4.443779063351659
2018-05-03,5.9542532709815665
2018-05-04,7.8564800613183
2018-05-07,9.227498984028262
2018-05-08,8.167215884022022
2018-05-09,9.692647125967618
2018-05-10,9.819848502407922
2018-05-11,9.864755620277686
2018-05-14,10.1781359269919
2018-05-15,9.323482605982651
2018-05-16,6.2927733628353195
2018-05-17,5.615145427295122
2018-05-18,4.972168985193221
2018-05-21,4.831362405603386
2018-05-22,6.088579946605648
2018-05-23,7.44984307752522
2018-05-24,5.77119011088218
2018-05-25,5.649108908205321
2018-05-29,6.322519970785604
2018-05-30,8.297912740377024
2018-05-31,7.46302878242272
2018-06-01,7.0131202222838915
2018-06-04,6.512240897984862
2018-06-05,5.894790721066506
2018-06-06,7.116127645998304
2018-06-07,6.659530017339541
2018-06-08,8.106403696304653
2018-06-11,7.8247135366768195
2018-06-12,8.41290537435341
2018-06-13,9.224840226430937
2018-06-14,9.706337322662469
2018-06-15,7.733629497955437
2018-06-18,8.743872309184562
2018-06-19,8.026700866447246
2018-06-20,8.68615200571443
2018-06-21,8.089137210123676
2018-06-22,10.349652463896115
2018-06-25,10.848632863249993
2018-06-26,9.789954755139181
2018-06-27,10.482487601250327
2018-06-28,10.063497034944408
2018-06-29,10.63790854734541
2018-07-02,13.051214541666637
2018-07-03,13.29963640245298
2018-07-05,13.722714810890208
2018-07-06,13.570334280937834
2018-07-09,16.62554317585034
2018-07-10,16.84510050374794
2018-07-11,16.73428886576498
2018-07-12,13.47276034966621
2018-07-13,12.725009463820344
2018-07-16,10.814744420047811
2018-07-17,9.105749733172113
2018-07-18,8.09930428132245
2018-07-19,8.134393465809135
2018-07-20,8.489494538216332
2018-07-23,7.616649438057346
2018-07-24,6.17387515400811
2018-07-25,7.030656428115607
2018-07-26,8.56457134775543
2018-07-27,8.417410008566062
2018-07-30,7.733610822312419
2018-07-31,8.419463134374293
2018-08-01,6.512571237529857
2018-08-02,5.911118130505938
2018-08-03,6.345394937759727
2018-08-06,5.813222084106991
2018-08-07,6.708170999910789
2018-08-08,6.84781493990012
2018-08-09,5.755334067036093
2018-08-10,4.455900481647044
2018-08-13,2.288470349482257
2018-08-14,3.3442463515736134
2018-08-15,3.295535133980758
2018-08-16,4.178302958476002
2018-08-17,1.46279429106574
2018-08-20,0.9059179839658419
2018-08-21,1.5843639410974235
2018-08-22,0.7955766880529388
2018-08-23,1.2018667894047175
2018-08-24,1.15053751546668
2018-08-27,1.6199774531104691
2018-08-28,2.906347525845425
2018-08-29,4.122788773515508
2018-08-30,4.263486594170256
2018-08-31,3.980457123247529
2018-09-04,4.269726529640194
2018-09-05,3.5458889811186314
2018-09-06,3.936184067286913
2018-09-07,5.312853678412136
2018-09-10,3.4873266893070576
2018-09-11,2.6082386646276836
2018-09-12,1.640018423307485
2018-09-13,1.766965810584733
2018-09-14,3.3070392332300633
2018-09-17,6.304937502256327
2018-09-18,6.467946793953073
2018-09-19,7.7458657619795845
2018-09-20,7.642330864919979
2018-09-21,6.5731839831197165
2018-09-24,0.6980530780380118
2018-09-25,-0.4332365286224429
2018-09-26,-1.9224308917331199
2018-09-27,-2.2311334285381728
2018-09-28,-0.07129207395903903
2018-10-01,-1.002903641068723
2018-10-02,-0.3580916188987624
2018-10-03,0.05339250109136784
2018-10-04,1.5827568317837561
2018-10-05,-0.3766407324118748
2018-10-08,-3.0379841022659617
2018-10-09,-0.7229094254735846
2018-10-10,-1.7085806561207055
2018-10-11,-1.6579515898972905
2018-10-12,-3.6502982516086897
2018-10-15,-3.8252522940869307
2018-10-16,-2.688283899149874
2018-10-17,-4.104244226716356
2018-10-18,-4.167338183790004
2018-10-19,-4.647109572292423
2018-10-22,-2.976176795549544
2018-10-23,-4.292480759406694
2018-10-24,-5.426416222671881
2018-10-25,-5.8359073462371365
2018-10-26,-9.477337219490273
2018-10-29,-7.964478620528567
2018-10-30,-9.4470211340232
2018-10-31,-10.721023728296023
2018-11-01,-9.896767409624541
2018-11-02,-10.231984367309057
2018-11-05,-13.364891719146895
2018-11-06,-11.969947520329473
2018-11-07,-11.453688214558397
2018-11-08,-11.031516532139618
2018-11-09,-11.4378539218026
2018-11-12,-11.890453577023605
2018-11-13,-11.333462045163817
2018-11-14,-12.539183711334392
2018-11-15,-13.08552182143513
2018-11-16,-13.254217394937076
2018-11-19,-12.422948746467231
2018-11-20,-12.179882639819041
2018-11-21,-11.631119977811096
2018-11-23,-10.811065542952063
2018-11-26,-12.35074889102859
2018-11-27,-13.995188671904014
2018-11-28,-14.321137629234022
2018-11-29,-13.358671141088228
2018-11-30,-12.546716682860247
2018-12-03,-11.755389235099653
2018-12-04,-12.353118702900968
2018-12-06,-11.775044182319553
2018-12-07,-12.27834094646691
2018-12-10,-12.361162162788858
2018-12-11,-12.61859917638882
2018-12-12,-11.64592705620309
2018-12-13,-11.81794881927744
2018-12-14,-9.643998550806359
2018-12-17,-12.271953847292298
2018-12-18,-12.576124579485644
2018-12-19,-12.346791269772067
2018-12-20,-10.860920027057269
2018-12-21,-10.374533610347683
2018-12-24,-11.290888509993628
2018-12-26,-11.285028760491386
2018-12-27,-12.04698210043826
2018-12-28,-13.359854117031473
2018-12-31,-12.517945542818278
2019-01-02,-12.725122611798582
2019-01-03,-12.544081820944625
2019-01-04,-13.79776569673835
2019-01-07,-13.605852375926986
2019-01-08,-13.49380394028034
2019-01-09,-14.306054371985624
2019-01-10,-11.888665988982513
2019-01-11,-12.448090492953382
2019-01-14,-11.83062205704757
2019-01-15,-11.748430380737899
2019-01-16,-11.69859709171775
2019-01-17,-11.478842147173365
2019-01-18,-11.223999373317792
2019-01-22,-11.830029709462648
2019-01-23,-11.843957012411073
2019-01-24,-12.67583256005527
2019-01-25,-10.78416826930052
2019-01-28,-10.708465330332315
2019-01-29,-11.583594204392558
2019-01-30,-9.093411813787617
2019-01-31,-6.19602190629909
2019-02-01,-5.792009729646069
2019-02-04,-5.889159401784156
2019-02-05,-4.96550055528171
2019-02-06,-4.51415473357015
2019-02-07,-5.318689238081741
2019-02-08,-4.032114558223652
2019-02-11,-4.2990636692563795
2019-02-12,-2.380708370234265
2019-02-13,-1.3790820306658567
2019-02-14,-2.2696311408346173
2019-02-15,-1.6707584936144604
2019-02-19,-2.225662706740314
2019-02-20,-2.11171196517709
2019-02-21,-1.8049607766637534
2019-02-22,-0.7534883279054163
2019-02-25,0.9523489183666969
2019-02-26,0.9130033573783665
2019-02-27,-1.0380043567407695
2019-02-28,-1.8371725506798133
2019-03-01,-1.3702527657855474
2019-03-04,-0.4659891814221697
2019-03-05,-0.26077710655012565
2019-03-06,-0.7064747133031359
2019-03-07,-1.127191815075215
2019-03-08,-2.9896264217579764
2019-03-11,-2.5510512275602917
2019-03-12,-1.1401701537261302
2019-03-13,-1.1772620856309628
2019-03-14,-1.4316412884170602
2019-03-15,-2.956185332807176
2019-03-18,-2.392358636838072
2019-03-19,-1.454294622525176
2019-03-20,-2.053340986529947
2019-03-21,-2.2319833117352825
2019-03-22,-2.1419811734145764
2019-03-25,-1.061887664210811
2019-03-26,3.1817744827886156
2019-03-27,3.129177429922686
2019-03-28,0.7321586733175225
2019-03-29,0.29552208736774244
2019-04-01,1.1258996573937254
2019-04-02,1.043681755475844
2019-04-03,0.356768295663179
2019-04-04,0.17659210333166597
2019-04-05,0.790434207890716
2019-04-08,0.0682237061371529
2019-04-09,0.377927560911385
2019-04-10,-0.9580216514285318
2019-04-11,-0.23575650718490082
2019-04-12,-0.4226612367406264
2019-04-15,1.0465529265649367
2019-04-16,0.8400347202516055
2019-04-17,2.101380626269708
2019-04-18,2.0595141112712474
2019-04-22,2.9791188333856806
2019-04-23,3.025438228825516
2019-04-24,3.6881723084042157
2019-04-25,5.041472659063692
2019-04-26,4.372259673262892
2019-04-29,6.518526948441717
2019-04-30,6.082376163317794
2019-05-01,6.6457267815844165
2019-05-02,5.8937304512186675
2019-05-03,7.266692497105966
2019-05-06,6.524268555550321
2019-05-07,5.895773275602396
2019-05-08,5.4508205241988925
2019-05-09,6.0747796657603095
2019-05-10,5.078597571552118
2019-05-13,4.111775348846847
2019-05-14,4.1759449286183745
2019-05-15,3.632276319277927
2019-05-16,1.874868699749365
2019-05-17,0.6440280777314358
2019-05-20,-0.32002829436674407
2019-05-21,-1.207245905740548
2019-05-22,-0.6074541777600457
2019-05-23,2.8879294323774705
2019-05-24,3.872037100483329
2019-05-28,1.8674879329025265
2019-05-29,3.118880478559065
2019-05-30,2.200214213776871
2019-05-31,-0.39060379596982475
2019-06-03,0.9212532864493939
2019-06-04,1.2783293931087099
2019-06-05,2.4688189905163793
2019-06-06,3.109483983872183
2019-06-07,2.8983024895643528
2019-06-10,3.003197376713408
2019-06-11,4.236676574315689
2019-06-12,5.954444800137965
2019-06-13,2.5242342929497585
2019-06-14,1.4214743821224158
2019-06-17,-0.380218517816723
2019-06-18,-1.316997846602787
2019-06-19,-0.3387144826682713
2019-06-20,-0.24734137698771574
2019-06-21,0.3180519646341382
2019-06-24,0.07658088568307564
2019-06-25,1.4333206684257758
2019-06-26,-0.306406839561725
2019-06-27,-0.1241276342394626
2019-06-28,-0.4060937034304746
2019-07-01,0.8744248745283719
2019-07-02,0.4464066616656379
2019-07-03,0.810116847374179
2019-07-05,1.0425512638446284
2019-07-08,1.7410480048738668
2019-07-09,1.7868328898100208
2019-07-10,2.08974811281412
2019-07-11,3.735134172022109
2019-07-12,4.512396364142976
2019-07-15,3.865544767920337
2019-07-16,5.013082410447165
2019-07-17,4.520898293160474
2019-07-18,2.03325496853926
2019-07-19,-1.1352319566990763
2019-07-22,-1.2729669072132175
2019-07-23,-1.0152096767768113
2019-07-24,-3.6683463507955434
2019-07-25,-4.012073243136217
2019-07-26,-2.4696860237028595
2019-07-29,-0.46034654741794
2019-07-30,-1.9970526967238682
2019-07-31,-3.5008364548786046
2019-08-01,-3.112973699812967
2019-08-02,-3.1513932891996586
2019-08-05,-3.2747410863321758
2019-08-06,-4.068798254813727
2019-08-07,-4.424505163854074
2019-08-08,-3.683691055898204
2019-08-09,-2.429512049818104
2019-08-12,-4.1184624360396525
2019-08-13,-4.031034486787449
2019-08-14,-4.466017786426023
2019-08-15,-6.1411523355016495
2019-08-16,-4.747459834659959
2019-08-19,-5.393653505342159
2019-08-20,-4.93243786688094
2019-08-21,-1.8455387287308118
2019-08-22,-2.8540956520963006
2019-08-23,-2.316642736608534
2019-08-26,-2.6305645178261896
2019-08-27,-2.8870520811466855
2019-08-28,-2.6749720148664036
2019-08-29,-2.110692568329868
2019-08-30,-0.8574985432118167
2019-09-03,-0.45208437822010783
2019-09-04,-0.5393062084052842
2019-09-05,0.985948183129979
2019-09-06,0.24129232839528836
2019-09-09,-0.2588469846972059
2019-09-10,-0.49592350278646147
2019-09-11,1.3339377854148577
2019-09-12,1.5479949692248707
2019-09-13,2.44310724813269
2019-09-16,1.406283391900856
2019-09-17,3.0916963292219526
2019-09-18,3.423905525269065
2019-09-19,3.1713901957600843
2019-09-20,3.409712682811691
2019-09-23,4.773393361227213
2019-09-24,3.821244746056374
2019-09-25,4.6063931576373385
2019-09-26,6.321967274104677
2019-09-27,6.393264779452925
2019-09-30,9.119196450456148
2019-10-01,8.225611778390512
2019-10-02,7.2510466329763394
2019-10-03,6.713070283541983
2019-10-04,5.531159414239721
2019-10-07,3.2985461145955637
2019-10-08,3.7333234937403734
2019-10-09,2.88168712447936
2019-10-10,3.431680369503993
2019-10-11,3.3958150212803364
2019-10-14,4.443779063351659
2019-10-15,5.9542532709815665
2019-10-16,7.8564800613183
2019-10-17,9.227498984028262
2019-10-18,8.167215884022022
2019-10-21,9.692647125967618
2019-10-22,9.819848502407922
2019-10-23,9.864755620277686
2019-10-24,10.1781359269919
2019-10-25,9.323482605982651
2019-10-28,6.2927733628353195
2019-10-29,5.615145427295122
2019-10-30,4.972168985193221
2019-10-31,4.831362405603386
2019-11-01,6.088579946605648
2019-11-04,7.44984307752522
2019-11-05,5.77119011088218
2019-11-06,5.649108908205321
2019-11-07,6.322519970785604
2019-11-08,8.297912740377024
2019-11-11,7.46302878242272
2019-11-12,7.0131202222838915
2019-11-13,6.512240897984862
2019-11-14,5.894790721066506
2019-11-15,7.116127645998304
2019-11-18,6.659530017339541
2019-11-19,8.106403696304653
2019-11-20,7.8247135366768195
2019-11-21,8.41290537435341
2019-11-22,9.224840226430937
2019-11-25,9.706337322662469
2019-11-26,7.733629497955437
2019-11-27,8.743872309184562
2019-11-29,8.026700866447246
2019-12-02,8.68615200571443
2019-12-03,8.089137210123676
2019-12-04,10.349652463896115
2019-12-05,10.848632863249993
2019-12-06,9.789954755139181
2019-12-09,10.482487601250327
2019-12-10,10.063497034944408
2019-12-11,10.63790854734541
2019-12-12,13.051214541666637
2019-12-13,13.29963640245298
2019-12-16,13.722714810890208
2019-12-17,13.570334280937834
2019-12-18,16.62554317585034
2019-12-19,16.84510050374794
2019-12-20,16.73428886576498
2019-12-23,13.47276034966621
2019-12-24,12.725009463820344
2019-12-26,10.814744420047811
2019-12-27,9.105749733172113
2019-12-30,8.09930428132245
2019-12-31,8.134393465809135
2020-01-02,8.489494538216332
2020-01-03,7.616649438057346
2020-01-06,6.17387515400811
2020-01-07,7.030656428115607
2020-01-08,8.56457134775543
2020-01-09,8.417410008566062
2020-01-10,7.733610822312419
2020-01-13,8.419463134374293
2020-01-14,6.512571237529857
2020-01-15,5.911118130505938
2020-01-16,6.345394937759727
2020-01-17,5.813222084106991
2020-01-21,6.708170999910789
2020-01-22,6.84781493990012
2020-01-23,5.755334067036093
2020-01-24,4.455900481647044
2020-01-27,2.288470349482257
2020-01-28,3.3442463515736134
2020-01-29,3.295535133980758
2020-01-30,4.178302958476002
2020-01-31,1.46279429106574
2020-02-03,0.9059179839658419
2020-02-04,1.5843639410974235
2020-02-05,0.7955766880529388
2020-02-06,1.2018667894047175
2020-02-07,1.15053751546668
2020-02-10,1.6199774531104691
2020-02-11,2.906347525845425
2020-02-12,4.122788773515508
2020-02-13,4.263486594170256
2020-02-14,3.980457123247529
2020-02-18,4.269726529640194
2020-02-19,3.5458889811186314
2020-02-20,3.936184067286913
2020-02-21,5.312853678412136
2020-02-24,3.4873266893070576
2020-02-25,2.6082386646276836
2020-02-26,1.640018423307485
2020-02-27,1.766965810584733
2020-02-28,3.3070392332300633
2020-03-02,6.304937502256327
2020-03-03,6.467946793953073
2020-03-04,7.7458657619795845
2020-03-05,7.642330864919979
2020-03-06,6.5731839831197165
2020-03-09,0.6980530780380118
2020-03-10,-0.4332365286224429
2020-03-11,-1.9224308917331199
2020-03-12,-2.2311334285381728
2020-03-13,-0.07129207395903903
2020-03-16,-1.002903641068723
2020-03-17,-0.3580916188987624
2020-03-18,0.05339250109136784
2020-03-19,1.5827568317837561
2020-03-20,-0.3766407324118748
2020-03-23,-3.0379841022659617
2020-03-24,-0.7229094254735846
2020-03-25,-1.7085806561207055
2020-03-26,-1.6579515898972905
2020-03-27,-3.6502982516086897
2020-03-30,-3.8252522940869307
2020-03-31,-2.688283899149874
2020-04-01,-4.104244226716356
2020-04-02,-4.167338183790004
2020-04-03,-4.647109572292423
2020-04-06,-2.976176795549544
2020-04-07,-4.292480759406694
2020-04-08,-5.426416222671881
2020-04-09,-5.8359073462371365
2020-04-13,-9.477337219490273
2020-04-14,-7.964478620528567
2020-04-15,-9.4470211340232
2020-04-16,-10.721023728296023
2020-04-17,-9.896767409624541
2020-04-20,-10.231984367309057
2020-04-21,-13.364891719146895
2020-04-22,-11.969947520329473
2020-04-23,-11.453688214558397
2020-04-24,-11.031516532139618
2020-04-27,-11.4378539218026
2020-04-28,-11.890453577023605
2020-04-29,-11.333462045163817
2020-04-30,-12.539183711334392
2020-05-01,-13.08552182143513
2020-05-04,-13.254217394937076
2020-05-05,-12.422948746467231
2020-05-06,-12.179882639819041
2020-05-07,-11.631119977811096
2020-05-08,-10.811065542952063
2020-05-11,-12.35074889102859
2020-05-12,-13.995188671904014
2020-05-13,-14.321137629234022
2020-05-14,-13.358671141088228
2020-05-15,-12.546716682860247
2020-05-18,-11.755389235099653
2020-05-19,-12.353118702900968
2020-05-20,-11.775044182319553
2020-05-21,-12.27834094646691
2020-05-22,-12.361162162788858
2020-05-26,-12.61859917638882
2020-05-27,-11.64592705620309
2020-05-28,-11.81794881927744
2020-05-29,-9.643998550806359
2020-06-01,-12.271953847292298
2020-06-02,-12.576124579485644
2020-06-03,-12.346791269772067
2020-06-04,-10.860920027057269
2020-06-05,-10.374533610347683
2020-06-08,-11.290888509993628
2020-06-09,-11.285028760491386
2020-06-10,-12.04698210043826
2020-06-11,-13.359854117031473
2020-06-12,-12.517945542818278
2020-06-15,-12.725122611798582
2020-06-16,-12.544081820944625
2020-06-17,-13.79776569673835
2020-06-18,-13.605852375926986
2020-06-19,-13.49380394028034
2020-06-22,-14.306054371985624
2020-06-23,-11.888665988982513
2020-06-24,-12.448090492953382
2020-06-25,-11.83062205704757
2020-06-26,-11.748430380737899
2020-06-29,-11.69859709171775
2020-06-30,-11.478842147173365
2020-07-01,-11.223999373317792
2020-07-02,-11.830029709462648
2020-07-06,-11.843957012411073
2020-07-07,-12.67583256005527
2020-07-08,-10.78416826930052
2020-07-09,-10.708465330332315
2020-07-10,-11.583594204392558
2020-07-13,-9.093411813787617
2020-07-14,-6.19602190629909
2020-07-15,-5.792009729646069
2020-07-16,-5.889159401784156
2020-07-17,-4.96550055528171
2020-07-20,-4.51415473357015
2020-07-21,-5.318689238081741
2020-07-22,-4.032114558223652
2020-07-23,-4.2990636692563795
2020-07-24,-2.380708370234265
2020-07-27,-1.3790820306658567
2020-07-28,-2.2696311408346173
2020-07-29,-1.6707584936144604
2020-07-30,-2.225662706740314
2020-07-31,-2.11171196517709
2020-08-03,-1.8049607766637534
2020-08-04,-0.7534883279054163
2020-08-05,0.9523489183666969
2020-08-06,0.9130033573783665
2020-08-07,-1.0380043567407695
2020-08-10,-1.8371725506798133
2020-08-11,-1.3702527657855474
2020-08-12,-0.4659891814221697
2020-08-13,-0.26077710655012565
2020-08-14,-0.7064747133031359
2020-08-17,-1.127191815075215
2020-08-18,-2.9896264217579764
2020-08-19,-2.5510512275602917
2020-08-20,-1.1401701537261302
2020-08-21,-1.1772620856309628
2020-08-24,-1.4316412884170602
2020-08-25,-2.956185332807176
2020-08-26,-2.392358636838072
2020-08-27,-1.454294622525176
2020-08-28,-2.053340986529947
2020-08-31,-2.2319833117352825
2020-09-01,-2.1419811734145764
2020-09-02,-1.061887664210811
2020-09-03,3.1817744827886156
2020-09-04,3.129177429922686
2020-09-08,0.7321586733175225
2020-09-09,0.29552208736774244
2020-09-10,1.1258996573937254
2020-09-11,1.043681755475844
2020-09-14,0.356768295663179
2020-09-15,0.17659210333166597
2020-09-16,0.790434207890716
2020-09-17,0.0682237061371529
2020-09-18,0.377927560911385
2020-09-21,-0.9580216514285318
2020-09-22,-0.23575650718490082
2020-09-23,-0.4226612367406264
2020-09-24,1.0465529265649367
2020-09-25,0.8400347202516055
2020-09-28,2.101380626269708
2020-09-29,2.0595141112712474
2020-09-30,2.9791188333856806
2020-10-01,3.025438228825516
2020-10-02,3.6881723084042157
2020-10-05,5.041472659063692
2020-10-06,4.372259673262892
2020-10-07,6.518526948441717
2020-10-08,6.082376163317794
2020-10-09,6.6457267815844165
2020-10-12,5.8937304512186675
2020-10-13,7.266692497105966
2020-10-14,6.524268555550321
2020-10-15,5.895773275602396
2020-10-16,5.4508205241988925
2020-10-19,6.0747796657603095
2020-10-20,5.078597571552118
2020-10-21,4.111775348846847
2020-10-22,4.1759449286183745
2020-10-23,3.632276319277927
2020-10-26,1.874868699749365
2020-10-27,0.6440280777314358
2020-10-28,-0.32002829436674407
2020-10-29,-1.207245905740548
2020-10-30,-0.6074541777600457
2020-11-02,2.8879294323774705
2020-11-03,3.872037100483329
2020-11-04,1.8674879329025265
2020-11-05,3.118880478559065
2020-11-06,2.200214213776871
2020-11-09,-0.39060379596982475
2020-11-10,0.9212532864493939
2020-11-11,1.2783293931087099
2020-11-12,2.4688189905163793
2020-11-13,3.109483983872183
2020-11-16,2.8983024895643528
2020-11-17,3.003197376713408
2020-11-18,4.236676574315689
2020-11-19,5.954444800137965
2020-11-20,2.5242342929497585
2020-11-23,1.4214743821224158
2020-11-24,-0.380218517816723
2020-11-25,-1.316997846602787
2020-11-27,-0.3387144826682713
2020-11-30,-0.24734137698771574
2020-12-01,0.3180519646341382
2020-12-02,0.07658088568307564
2020-12-03,1.4333206684257758
2020-12-04,-0.306406839561725
2020-12-07,-0.1241276342394626
2020-12-08,-0.4060937034304746
2020-12-09,0.8744248745283719
2020-12-10,0.4464066616656379
2020-12-11,0.810116847374179
2020-12-14,1.0425512638446284
2020-12-15,1.7410480048738668
2020-12-16,1.7868328898100208
2020-12-17,2.08974811281412
2020-12-18,3.735134172022109
2020-12-21,4.512396364142976
2020-12-22,3.865544767920337
2020-12-23,5.013082410447165
2020-12-24,4.520898293160474
2020-12-28,2.03325496853926
2020-12-29,-1.1352319566990763
2020-12-30,-1.2729669072132175
2020-12-31,-1.0152096767768113
2021-01-04,-3.6683463507955434
2021-01-05,-4.012073243136217
2021-01-06,-2.4696860237028595
2021-01-07,-0.46034654741794
2021-01-08,-1.9970526967238682
2021-01-11,-3.5008364548786046
2021-01-12,-3.112973699812967
2021-01-13,-3.1513932891996586
2021-01-14,-3.2747410863321758
2021-01-15,-4.068798254813727
2021-01-19,-4.424505163854074
2021-01-20,-3.683691055898204
2021-01-21,-2.429512049818104
2021-01-22,-4.1184624360396525
2021-01-25,-4.031034486787449
2021-01-26,-4.466017786426023
2021-01-27,-6.1411523355016495
2021-01-28,-4.747459834659959
2021-01-29,-5.393653505342159
2021-02-01,-4.93243786688094
2021-02-02,-1.8455387287308118
2021-02-03,-2.8540956520963006
2021-02-04,-2.316642736608534
2021-02-05,-2.6305645178261896
2021-02-08,-2.8870520811466855
2021-02-09,-2.6749720148664036
2021-02-10,-2.110692568329868
2021-02-11,-0.8574985432118167
2021-02-12,-0.45208437822010783
2021-02-16,-0.5393062084052842
2021-02-17,0.985948183129979
2021-02-18,0.24129232839528836
2021-02-19,-0.2588469846972059
2021-02-22,-0.49592350278646147
2021-02-23,1.3339377854148577
2021-02-24,1.5479949692248707
2021-02-25,2.44310724813269
2021-02-26,1.406283391900856
2021-03-01,3.0916963292219526
2021-03-02,3.423905525269065
2021-03-03,3.1713901957600843
2021-03-04,3.409712682811691
2021-03-05,4.773393361227213
2021-03-08,3.821244746056374
2021-03-09,4.6063931576373385
2021-03-10,6.321967274104677
2021-03-11,6.393264779452925
2021-03-12,9.119196450456148
2021-03-15,8.225611778390512
2021-03-16,7.2510466329763394
2021-03-17,6.713070283541983
2021-03-18,5.531159414239721
2021-03-19,3.2985461145955637
2021-03-22,3.7333234937403734
2021-03-23,2.88168712447936
2021-03-24,3.431680369503993
2021-03-25,3.3958150212803364
2021-03-26,4.443779063351659
2021-03-29,5.9542532709815665
2021-03-30,7.8564800613183
2021-03-31,9.227498984028262
2021-04-01,8.167215884022022
2021-04-05,9.692647125967618
2021-04-06,9.819848502407922
2021-04-07,9.864755620277686
2021-04-08,10.1781359269919
2021-04-09,9.323482605982651
2021-04-12,6.2927733628353195
2021-04-13,5.615145427295122
2021-04-14,4.972168985193221
2021-04-15,4.831362405603386
2021-04-16,6.088579946605648
2021-04-19,7.44984307752522
2021-04-20,5.77119011088218
2021-04-21,5.649108908205321
2021-04-22,6.322519970785604
2021-04-23,8.297912740377024
2021-04-26,7.46302878242272
2021-04-27,7.0131202222838915
2021-04-28,6.512240897984862
2021-04-29,5.894790721066506
2021-04-30,7.116127645998304
2021-05-03,6.659530017339541
2021-05-04,8.106403696304653
2021-05-05,7.8247135366768195
2021-05-06,8.41290537435341
2021-05-07,9.224840226430937
2021-05-10,9.706337322662469
2021-05-11,7.733629497955437
2021-05-12,8.743872309184562
2021-05-13,8.026700866447246
2021-05-14,8.68615200571443
2021-05-17,8.089137210123676
2021-05-18,10.349652463896115
2021-05-19,10.848632863249993
2021-05-20,9.789954755139181
2021-05-21,10.482487601250327
2021-05-24,10.063497034944408
2021-05-25,10.63790854734541
2021-05-26,13.051214541666637
2021-05-27,13.29963640245298
2021-05-28,13.722714810890208
2021-06-01,13.570334280937834
2021-06-02,16.62554317585034
2021-06-03,16.84510050374794
2021-06-04,16.73428886576498
2021-06-07,13.47276034966621
2021-06-08,12.725009463820344
2021-06-09,10.814744420047811
2021-06-10,9.105749733172113
2021-06-11,8.09930428132245
2021-06-14,8.134393465809135
2021-06-15,8.489494538216332
2021-06-16,7.616649438057346
2021-06-17,6.17387515400811
2021-06-18,7.030656428115607
2021-06-21,8.56457134775543
2021-06-22,8.417410008566062
2021-06-23,7.733610822312419
2021-06-24,8.419463134374293
2021-06-25,6.512571237529857
2021-06-28,5.911118130505938
2021-06-29,6.345394937759727
2021-06-30,5.813222084106991
2021-07-01,6.708170999910789
2021-07-02,6.84781493990012
2021-07-06,5.755334067036093
2021-07-07,4.455900481647044
2021-07-08,2.288470349482257
2021-07-09,3.3442463515736134
2021-07-12,3.295535133980758
2021-07-13,4.178302958476002
2021-07-14,1.46279429106574
2021-07-15,0.9059179839658419
2021-07-16,1.5843639410974235
2021-07-19,0.7955766880529388
2021-07-20,1.2018667894047175
2021-07-21,1.15053751546668
2021-07-22,1.6199774531104691
2021-07-23,2.906347525845425
2021-07-26,4.122788773515508
2021-07-27,4.263486594170256
2021-07-28,3.980457123247529
2021-07-29,4.269726529640194
2021-07-30,3.5458889811186314
2021-08-02,3.936184067286913
2021-08-03,5.312853678412136
2021-08-04,3.4873266893070576
2021-08-05,2.6082386646276836
2021-08-06,1.640018423307485
2021-08-09,1.766965810584733
2021-08-10,3.3070392332300633
2021-08-11,6.304937502256327
2021-08-12,6.467946793953073
2021-08-13,7.7458657619795845
2021-08-16,7.642330864919979
2021-08-17,6.5731839831197165
2021-08-18,0.6980530780380118
2021-08-19,-0.4332365286224429
2021-08-20,-1.9224308917331199
2021-08-23,-2.2311334285381728
2021-08-24,-0.07129207395903903
2021-08-25,-1.002903641068723
2021-08-26,-0.3580916188987624
2021-08-27,0.05339250109136784
2021-08-30,1.5827568317837561
2021-08-31,-0.3766407324118748
2021-09-01,-3.0379841022659617
2021-09-02,-0.7229094254735846
2021-09-03,-1.7085806561207055
2021-09-07,-1.6579515898972905
2021-09-08,-3.6502982516086897
2021-09-09,-3.8252522940869307
2021-09-10,-2.688283899149874
2021-09-13,-4.104244226716356
2021-09-14,-4.167338183790004
2021-09-15,-4.647109572292423
2021-09-16,-2.976176795549544
2021-09-17,-4.292480759406694
2021-09-20,-5.426416222671881
2021-09-21,-5.8359073462371365
2021-09-22,-9.477337219490273
2021-09-23,-7.964478620528567
2021-09-24,-9.4470211340232
2021-09-27,-10.721023728296023
2021-09-28,-9.896767409624541
2021-09-29,-10.231984367309057
2021-09-30,-13.364891719146895
2021-10-01,-11.969947520329473
2021-10-04,-11.453688214558397
2021-10-05,-11.031516532139618
2021-10-06,-11.4378539218026
2021-10-07,-11.890453577023605
2021-10-08,-11.333462045163817
2021-10-11,-12.539183711334392
2021-10-12,-13.08552182143513
2021-10-13,-13.254217394937076
2021-10-14,-12.422948746467231
2021-10-15,-12.179882639819041
2021-10-18,-11.631119977811096
2021-10-19,-10.811065542952063
2021-10-20,-12.35074889102859
2021-10-21,-13.995188671904014
2021-10-22,-14.321137629234022
2021-10-25,-13.358671141088228
2021-10-26,-12.546716682860247
2021-10-27,-11.755389235099653
2021-10-28,-12.353118702900968
2021-10-29,-11.775044182319553
2021-11-01,-12.27834094646691
2021-11-02,-12.361162162788858
2021-11-03,-12.61859917638882
2021-11-04,-11.64592705620309
2021-11-05,-11.81794881927744
2021-11-08,-9.643998550806359
2021-11-09,-12.271953847292298
2021-11-10,-12.576124579485644
2021-11-11,-12.346791269772067
2021-11-12,-10.860920027057269
2021-11-15,-10.374533610347683
2021-11-16,-11.290888509993628
2021-11-17,-11.285028760491386
2021-11-18,-12.04698210043826
2021-11-19,-13.359854117031473
2021-11-22,-12.517945542818278
2021-11-23,-12.725122611798582
2021-11-24,-12.544081820944625
2021-11-26,-13.79776569673835
2021-11-29,-13.605852375926986
2021-11-30,-13.49380394028034
2021-12-01,-14.306054371985624
2021-12-02,-11.888665988982513
2021-12-03,-12.448090492953382
2021-12-06,-11.83062205704757
2021-12-07,-11.748430380737899
2021-12-08,-11.69859709171775
2021-12-09,-11.478842147173365
2021-12-10,-11.223999373317792
2021-12-13,-11.830029709462648
2021-12-14,-11.843957012411073
2021-12-15,-12.67583256005527
2021-12-16,-10.78416826930052
2021-12-17,-10.708465330332315
2021-12-20,-11.583594204392558
2021-12-21,-9.093411813787617
2021-12-22,-6.19602190629909
2021-12-23,-5.792009729646069
2021-12-27,-5.889159401784156
2021-12-28,-4.96550055528171
2021-12-29,-4.51415473357015
2021-12-30,-5.318689238081741
2021-12-31,-4.032114558223652
2022-01-03,-4.2990636692563795
2022-01-04,-2.380708370234265
2022-01-05,-1.3790820306658567
2022-01-06,-2.2696311408346173
2022-01-07,-1.6707584936144604
2022-01-10,-2.225662706740314
2022-01-11,-2.11171196517709
2022-01-12,-1.8049607766637534
2022-01-13,-0.7534883279054163
2022-01-14,0.9523489183666969
2022-01-18,0.9130033573783665
2022-01-19,-1.0380043567407695
2022-01-20,-1.8371725506798133
2022-01-21,-1.3702527657855474
2022-01-24,-0.4659891814221697
2022-01-25,-0.26077710655012565
2022-01-26,-0.7064747133031359
2022-01-27,-1.127191815075215
2022-01-28,-2.9896264217579764
2022-01-31,-2.5510512275602917
2022-02-01,-1.1401701537261302
2022-02-02,-1.1772620856309628
2022-02-03,-1.4316412884170602
2022-02-04,-2.956185332807176
2022-02-07,-2.392358636838072
2022-02-08,-1.454294622525176
2022-02-09,-2.053340986529947
2022-02-10,-2.2319833117352825
2022-02-11,-2.1419811734145764
2022-02-14,-1.061887664210811
2022-02-15,3.1817744827886156
2022-02-16,3.129177429922686
2022-02-17,0.7321586733175225
2022-02-18,0.29552208736774244
2022-02-22,1.1258996573937254
2022-02-23,1.043681755475844
2022-02-24,0.356768295663179
2022-02-25,0.17659210333166597
2022-02-28,0.790434207890716
2022-03-01,0.0682237061371529
2022-03-02,0.377927560911385
2022-03-03,-0.9580216514285318
2022-03-04,-0.23575650718490082
2022-03-07,-0.4226612367406264
2022-03-08,1.0465529265649367
2022-03-09,0.8400347202516055
2022-03-10,2.101380626269708
2022-03-11,2.0595141112712474
2022-03-14,2.9791188333856806
2022-03-15,3.025438228825516
2022-03-16,3.6881723084042157
2022-03-17,5.041472659063692
2022-03-18,4.372259673262892
2022-03-21,6.518526948441717
2022-03-22,6.082376163317794
2022-03-23,6.6457267815844165
2022-03-24,5.8937304512186675
2022-03-25,7.266692497105966
2022-03-28,6.524268555550321
2022-03-29,5.895773275602396
2022-03-30,5.4508205241988925
2022-03-31,6.0747796657603095
2022-04-01,5.078597571552118
2022-04-04,4.111775348846847
2022-04-05,4.1759449286183745
2022-04-06,3.632276319277927
2022-04-07,1.874868699749365
2022-04-08,0.6440280777314358
2022-04-11,-0.32002829436674407
2022-04-12,-1.207245905740548
2022-04-13,-0.6074541777600457
2022-04-14,2.8879294323774705
2022-04-18,3.872037100483329
2022-04-19,1.8674879329025265
2022-04-20,3.118880478559065
2022-04-21,2.200214213776871
2022-04-22,-0.39060379596982475
2022-04-25,0.9212532864493939
2022-04-26,1.2783293931087099
2022-04-27,2.4688189905163793
2022-04-28,3.109483983872183
2022-04-29,2.8983024895643528
2022-05-02,3.003197376713408
2022-05-03,4.236676574315689
2022-05-04,5.954444800137965
2022-05-05,2.5242342929497585
2022-05-06,1.4214743821224158
2022-05-09,-0.380218517816723
2022-05-10,-1.316997846602787
2022-05-11,-0.3387144826682713
2022-05-12,-0.24734137698771574
2022-05-13,0.3180519646341382
2022-05-16,0.07658088568307564
2022-05-17,1.4333206684257758
2022-05-18,-0.306406839561725
2022-05-19,-0.1241276342394626
2022-05-20,-0.4060937034304746
2022-05-23,0.8744248745283719
2022-05-24,0.4464066616656379
2022-05-25,0.810116847374179
2022-05-26,1.0425512638446284
2022-05-27,1.7410480048738668
2022-05-31,1.7868328898100208
2022-06-01,2.08974811281412
2022-06-02,3.735134172022109
2022-06-03,4.512396364142976
2022-06-06,3.865544767920337
2022-06-07,5.013082410447165
2022-06-08,4.520898293160474
2022-06-09,2.03325496853926
2022-06-10,-1.1352319566990763
2022-06-13,-1.2729669072132175
2022-06-14,-1.0152096767768113
2022-06-15,-3.6683463507955434
2022-06-16,-4.012073243136217
2022-06-17,-2.4696860237028595
2022-06-21,-0.46034654741794
2022-06-22,-1.9970526967238682
2022-06-23,-3.5008364548786046
2022-06-24,-3.112973699812967
2022-06-27,-3.1513932891996586
2022-06-28,-3.2747410863321758
2022-06-29,-4.068798254813727
2022-06-30,-4.424505163854074
2022-07-01,-3.683691055898204
2022-07-05,-2.429512049818104
2022-07-06,-4.1184624360396525
2022-07-07,-4.031034486787449
2022-07-08,-4.466017786426023
2022-07-11,-6.1411523355016495
2022-07-12,-4.747459834659959
2022-07-13,-5.393653505342159
2022-07-14,-4.93243786688094
2022-07-15,-1.8455387287308118
2022-07-18,-2.8540956520963006
2022-07-19,-2.316642736608534
2022-07-20,-2.6305645178261896
2022-07-21,-2.8870520811466855
2022-07-22,-2.6749720148664036
2022-07-25,-2.110692568329868
2022-07-26,-0.8574985432118167
2022-07-27,-0.45208437822010783
2022-07-28,-0.5393062084052842
2022-07-29,0.985948183129979
2022-08-01,0.24129232839528836
2022-08-02,-0.2588469846972059
2022-08-03,-0.49592350278646147
2022-08-04,1.3339377854148577
2022-08-05,1.5479949692248707
2022-08-08,2.44310724813269
2022-08-09,1.406283391900856
2022-08-10,3.0916963292219526
2022-08-11,3.423905525269065
2022-08-12,3.1713901957600843
2022-08-15,3.409712682811691
2022-08-16,4.773393361227213
2022-08-17,3.821244746056374
2022-08-18,4.6063931576373385
2022-08-19,6.321967274104677
2022-08-22,6.393264779452925
2022-08-23,9.119196450456148
2022-08-24,8.225611778390512
2022-08-25,7.2510466329763394
2022-08-26,6.713070283541983
2022-08-29,5.531159414239721
2022-08-30,3.2985461145955637
2022-08-31,3.7333234937403734
2022-09-01,2.88168712447936
2022-09-02,3.431680369503993
2022-09-06,3.3958150212803364
2022-09-07,4.443779063351659
2022-09-08,5.9542532709815665
2022-09-09,7.8564800613183
2022-09-12,9.227498984028262
2022-09-13,8.167215884022022
2022-09-14,9.692647125967618
2022-09-15,9.819848502407922
2022-09-16,9.864755620277686
2022-09-19,10.1781359269919
2022-09-20,9.323482605982651
2022-09-21,6.2927733628353195
2022-09-22,5.615145427295122
2022-09-23,4.972168985193221
2022-09-26,4.831362405603386
2022-09-27,6.088579946605648
2022-09-28,7.44984307752522
2022-09-29,5.77119011088218
2022-09-30,5.649108908205321
2022-10-03,6.322519970785604
2022-10-04,8.297912740377024
2022-10-05,7.46302878242272
2022-10-06,7.0131202222838915
2022-10-07,6.512240897984862
2022-10-10,5.894790721066506
2022-10-11,7.116127645998304
2022-10-12,6.659530017339541
2022-10-13,8.106403696304653
2022-10-14,7.8247135366768195
2022-10-17,8.41290537435341
2022-10-18,9.224840226430937
2022-10-19,9.706337322662469
2022-10-20,7.733629497955437
2022-10-21,8.743872309184562
2022-10-24,8.026700866447246
2022-10-25,8.68615200571443
2022-10-26,8.089137210123676
2022-10-27,10.349652463896115
2022-10-28,10.848632863249993
2022-10-31,9.789954755139181
2022-11-01,10.482487601250327
2022-11-02,10.063497034944408
2022-11-03,10.63790854734541
2022-11-04,13.051214541666637
2022-11-07,13.29963640245298
2022-11-08,13.722714810890208
2022-11-09,13.570334280937834
2022-11-10,16.62554317585034
2022-11-11,16.84510050374794
2022-11-14,16.73428886576498
2022-11-15,13.47276034966621
2022-11-16,12.725009463820344
2022-11-17,10.814744420047811
2022-11-18,9.105749733172113
2022-11-21,8.09930428132245
2022-11-22,8.134393465809135
2022-11-23,8.489494538216332
2022-11-25,7.616649438057346
2022-11-28,6.17387515400811
2022-11-29,7.030656428115607
2022-11-30,8.56457134775543
2022-12-01,8.417410008566062
2022-12-02,7.733610822312419
2022-12-05,8.419463134374293
2022-12-06,6.512571237529857
2022-12-07,5.911118130505938
2022-12-08,6.345394937759727
2022-12-09,5.813222084106991
2022-12-12,6.708170999910789
2022-12-13,6.84781493990012
2022-12-14,5.755334067036093
2022-12-15,4.455900481647044
2022-12-16,2.288470349482257
2022-12-19,3.3442463515736134
2022-12-20,3.295535133980758
2022-12-21,4.178302958476002
2022-12-22,1.46279429106574
2022-12-23,0.9059179839658419
2022-12-27,1.5843639410974235
2022-12-28,0.7955766880529388
2022-12-29,1.2018667894047175
2022-12-30,1.15053751546668
2023-01-03,1.6199774531104691
2023-01-04,2.906347525845425
2023-01-05,4.122788773515508
2023-01-06,4.263486594170256
2023-01-09,3.980457123247529
2023-01-10,4.269726529640194
2023-01-11,3.5458889811186314
2023-01-12,3.936184067286913
2023-01-13,5.312853678412136
2023-01-17,3.4873266893070576
2023-01-18,2.6082386646276836
2023-01-19,1.640018423307485
2023-01-20,1.766965810584733
2023-01-23,3.3070392332300633
2023-01-24,6.304937502256327
2023-01-25,6.467946793953073
2023-01-26,7.7458657619795845
2023-01-27,7.642330864919979
2023-01-30,6.5731839831197165
2023-01-31,0.6980530780380118
2023-02-01,-0.4332365286224429
2023-02-02,-1.9224308917331199
2023-02-03,-2.2311334285381728
2023-02-06,-0.07129207395903903
2023-02-07,-1.002903641068723
2023-02-08,-0.3580916188987624
2023-02-09,0.05339250109136784
2023-02-10,1.5827568317837561
2023-02-13,-0.3766407324118748
2023-02-14,-3.0379841022659617
2023-02-15,-0.7229094254735846
2023-02-16,-1.7085806561207055
2023-02-17,-1.6579515898972905
2023-02-21,-3.6502982516086897
2023-02-22,-3.8252522940869307
2023-02-23,-2.688283899149874
2023-02-24,-4.104244226716356
2023-02-27,-4.167338183790004
2023-02-28,-4.647109572292423
2023-03-01,-2.976176795549544
2023-03-02,-4.292480759406694
2023-03-03,-5.426416222671881
2023-03-06,-5.8359073462371365
2023-03-07,-9.477337219490273
2023-03-08,-7.964478620528567
2023-03-09,-9.4470211340232
2023-03-10,-10.721023728296023
2023-03-13,-9.896767409624541
2023-03-14,-10.231984367309057
2023-03-15,-13.364891719146895
2023-03-16,-11.969947520329473
2023-03-17,-11.453688214558397
2023-03-20,-11.031516532139618
2023-03-21,-11.4378539218026
2023-03-22,-11.890453577023605
2023-03-23,-11.333462045163817
2023-03-24,-12.539183711334392
2023-03-27,-13.08552182143513
2023-03-28,-13.254217394937076
2023-03-29,-12.422948746467231
2023-03-30,-12.179882639819041
2023-03-31,-11.631119977811096
2023-04-03,-10.811065542952063
2023-04-04,-12.35074889102859
2023-04-05,-13.995188671904014
2023-04-06,-14.321137629234022
2023-04-10,-13.358671141088228
2023-04-11,-12.546716682860247
2023-04-12,-11.755389235099653
2023-04-13,-12.353118702900968
2023-04-14,-11.775044182319553
2023-04-17,-12.27834094646691
2023-04-18,-12.361162162788858
2023-04-19,-12.61859917638882
2023-04-20,-11.64592705620309
2023-04-21,-11.81794881927744
2023-04-24,-9.643998550806359
2023-04-25,-12.271953847292298
2023-04-26,-12.576124579485644
2023-04-27,-12.346791269772067
2023-04-28,-10.860920027057269
2023-05-01,-10.374533610347683
2023-05-02,-11.290888509993628
2023-05-03,-11.285028760491386
2023-05-04,-12.04698210043826
2023-05-05,-13.359854117031473
2023-05-08,-12.517945542818278
2023-05-09,-12.725122611798582
2023-05-10,-12.544081820944625
2023-05-11,-13.79776569673835
2023-05-12,-13.605852375926986
2023-05-15,-13.49380394028034
2023-05-16,-14.306054371985624
2023-05-17,-11.888665988982513
2023-05-18,-12.448090492953382
2023-05-19,-11.83062205704757
2023-05-22,-11.748430380737899
2023-05-23,-11.69859709171775
2023-05-24,-11.478842147173365
2023-05-25,-11.223999373317792
2023-05-26,-11.830029709462648
2023-05-30,-11.843957012411073
2023-05-31,-12.67583256005527
2023-06-01,-10.78416826930052
2023-06-02,-10.708465330332315
2023-06-05,-11.583594204392558
2023-06-06,-9.093411813787617
2023-06-07,-6.19602190629909
2023-06-08,-5.792009729646069
2023-06-09,-5.889159401784156
2023-06-12,-4.96550055528171
2023-06-13,-4.51415473357015
2023-06-14,-5.318689238081741
2023-06-15,-4.032114558223652
2023-06-16,-4.2990636692563795
2023-06-20,-2.380708370234265
2023-06-21,-1.3790820306658567
2023-06-22,-2.2696311408346173
2023-06-23,-1.6707584936144604
2023-06-26,-2.225662706740314
2023-06-27,-2.11171196517709
2023-06-28,-1.8049607766637534
2023-06-29,-0.7534883279054163
2023-06-30,0.9523489183666969
2023-07-03,0.9130033573783665
2023-07-05,-1.0380043567407695
2023-07-06,-1.8371725506798133
2023-07-07,-1.3702527657855474
2023-07-10,-0.4659891814221697
2023-07-11,-0.26077710655012565
2023-07-12,-0.7064747133031359
2023-07-13,-1.127191815075215
2023-07-14,-2.9896264217579764
2023-07-17,-2.5510512275602917
2023-07-18,-1.1401701537261302
2023-07-19,-1.1772620856309628
2023-07-20,-1.4316412884170602
2023-07-21,-2.956185332807176
2023-07-24,-2.392358636838072
2023-07-25,-1.454294622525176
2023-07-26,-2.053340986529947
2023-07-27,-2.2319833117352825
2023-07-28,-2.1419811734145764
2023-07-31,-1.061887664210811
2023-08-01,3.1817744827886156
2023-08-02,3.129177429922686
2023-08-03,0.7321586733175225
2023-08-04,0.29552208736774244
2023-08-07,1.1258996573937254
2023-08-08,1.043681755475844
2023-08-09,0.356768295663179
2023-08-10,0.17659210333166597
2023-08-11,0.790434207890716
2023-08-14,0.0682237061371529
2023-08-15,0.377927560911385
2023-08-16,-0.9580216514285318
2023-08-17,-0.23575650718490082
2023-08-18,-0.4226612367406264
2023-08-21,1.0465529265649367
2023-08-22,0.8400347202516055
2023-08-23,2.101380626269708
2023-08-24,2.0595141112712474
2023-08-25,2.9791188333856806
2023-08-28,3.025438228825516
2023-08-29,3.6881723084042157
2023-08-30,5.041472659063692
2023-08-31,4.372259673262892
2023-09-01,6.518526948441717
2023-09-05,6.082376163317794
2023-09-06,6.6457267815844165
2023-09-07,5.8937304512186675
2023-09-08,7.266692497105966
2023-09-11,6.524268555550321
2023-09-12,5.895773275602396
2023-09-13,5.4508205241988925
2023-09-14,6.0747796657603095
2023-09-15,5.078597571552118
2023-09-18,4.111775348846847
2023-09-19,4.1759449286183745
2023-09-20,3.632276319277927
2023-09-21,1.874868699749365
2023-09-22,0.6440280777314358
2023-09-25,-0.32002829436674407
2023-09-26,-1.207245905740548
2023-09-27,-0.6074541777600457
2023-09-28,2.8879294323774705
2023-09-29,3.872037100483329
2023-10-02,1.8674879329025265
2023-10-03,3.118880478559065
2023-10-04,2.200214213776871
2023-10-05,-0.39060379596982475
2023-10-06,0.9212532864493939
2023-10-09,1.2783293931087099
2023-10-10,2.4688189905163793
2023-10-11,3.109483983872183
2023-10-12,2.8983024895643528
2023-10-13,3.003197376713408
2023-10-16,4.236676574315689
2023-10-17,5.954444800137965
2023-10-18,2.5242342929497585
2023-10-19,1.4214743821224158
2023-10-20,-0.380218517816723
2023-10-23,-1.316997846602787
2023-10-24,-0.3387144826682713
2023-10-25,-0.24734137698771574
2023-10-26,0.3180519646341382
2023-10-27,0.07658088568307564
2023-10-30,1.4333206684257758
2023-10-31,-0.306406839561725
2023-11-01,-0.1241276342394626
2023-11-02,-0.4060937034304746
2023-11-03,0.8744248745283719
2023-11-06,0.4464066616656379
2023-11-07,0.810116847374179
2023-11-08,1.0425512638446284
2023-11-09,1.7410480048738668
2023-11-10,1.7868328898100208
2023-11-13,2.08974811281412
2023-11-14,3.735134172022109
2023-11-15,4.512396364142976
2023-11-16,3.865544767920337
2023-11-17,5.013082410447165
2023-11-20,4.520898293160474
2023-11-21,2.03325496853926
2023-11-22,-1.1352319566990763
2023-11-24,-1.2729669072132175
2023-11-27,-1.0152096767768113
2023-11-28,-3.6683463507955434
2023-11-29,-4.012073243136217
2023-11-30,-2.4696860237028595
2023-12-01,-0.46034654741794
2023-12-04,-1.9970526967238682
2023-12-05,-3.5008364548786046
2023-12-06,-3.112973699812967
2023-12-07,-3.1513932891996586
2023-12-08,-3.2747410863321758
2023-12-11,-4.068798254813727
2023-12-12,-4.424505163854074
2023-12-13,-3.683691055898204
2023-12-14,-2.429512049818104
2023-12-15,-4.1184624360396525
2023-12-18,-4.031034486787449
2023-12-19,-4.466017786426023
2023-12-20,-6.1411523355016495
2023-12-21,-4.747459834659959
2023-12-22,-5.393653505342159
2023-12-26,-4.93243786688094
2023-12-27,-1.8455387287308118
2023-12-28,-2.8540956520963006
2023-12-29,-2.316642736608534
2024-01-02,-2.6305645178261896
2024-01-03,-2.8870520811466855
2024-01-04,-2.6749720148664036
2024-01-05,-2.110692568329868
2024-01-08,-0.8574985432118167
2024-01-09,-0.45208437822010783
2024-01-10,-0.5393062084052842
2024-01-11,0.985948183129979
2024-01-12,0.24129232839528836
2024-01-16,-0.2588469846972059
2024-01-17,-0.49592350278646147
2024-01-18,1.3339377854148577
2024-01-19,1.5479949692248707
2024-01-22,2.44310724813269
2024-01-23,1.406283391900856
2024-01-24,3.0916963292219526
2024-01-25,3.423905525269065
2024-01-26,3.1713901957600843
2024-01-29,3.409712682811691
2024-01-30,4.773393361227213
2024-01-31,3.821244746056374
2024-02-01,4.6063931576373385
2024-02-02,6.321967274104677
2024-02-05,6.393264779452925
2024-02-06,9.119196450456148
2024-02-07,8.225611778390512
2024-02-08,7.2510466329763394
2024-02-09,6.713070283541983
2024-02-12,5.531159414239721
2024-02-13,3.2985461145955637
2024-02-14,3.7333234937403734
2024-02-15,2.88168712447936
2024-02-16,3.431680369503993
2024-02-20,3.3958150212803364
2024-02-21,4.443779063351659
2024-02-22,5.9542532709815665
2024-02-23,7.8564800613183
2024-02-26,9.227498984028262
2024-02-27,8.167215884022022
2024-02-28,9.692647125967618
2024-02-29,9.819848502407922
2024-03-01,9.864755620277686
2024-03-04,10.1781359269919
2024-03-05,9.323482605982651
2024-03-06,6.2927733628353195
2024-03-07,5.615145427295122
2024-03-08,4.972168985193221
2024-03-11,4.831362405603386
2024-03-12,6.088579946605648
2024-03-13,7.44984307752522
2024-03-14,5.77119011088218
2024-03-15,5.649108908205321
2024-03-18,6.322519970785604
2024-03-19,8.297912740377024
2024-03-20,7.46302878242272
2024-03-21,7.0131202222838915
2024-03-22,6.512240897984862
2024-03-25,5.894790721066506
2024-03-26,7.116127645998304
2024-03-27,6.659530017339541
2024-03-28,8.106403696304653
2024-04-01,7.8247135366768195
2024-04-02,8.41290537435341
2024-04-03,9.224840226430937
2024-04-04,9.706337322662469
2024-04-05,7.733629497955437
2024-04-08,8.743872309184562
2024-04-09,8.026700866447246
2024-04-10,8.68615200571443
2024-04-11,8.089137210123676
2024-04-12,10.349652463896115
2024-04-15,10.848632863249993
2024-04-16,9.789954755139181
2024-04-17,10.482487601250327
2024-04-18,10.063497034944408
2024-04-19,10.63790854734541
2024-04-22,13.051214541666637
2024-04-23,13.29963640245298
2024-04-24,13.722714810890208
2024-04-25,13.570334280937834
2024-04-26,16.62554317585034
2024-04-29,16.84510050374794
2024-04-30,16.73428886576498
2024-05-01,13.47276034966621
2024-05-02,12.725009463820344
2024-05-03,10.814744420047811
2024-05-06,9.105749733172113
2024-05-07,8.09930428132245
2024-05-08,8.134393465809135
2024-05-09,8.489494538216332
2024-05-10,7.616649438057346
2024-05-13,6.17387515400811
2024-05-14,7.030656428115607
2024-05-15,8.56457134775543
2024-05-16,8.417410008566062
2024-05-17,7.733610822312419
2024-05-20,8.419463134374293
2024-05-21,6.512571237529857
2024-05-22,5.911118130505938
2024-05-23,6.345394937759727
2024-05-24,5.813222084106991
2024-05-28,6.708170999910789
2024-05-29,6.84781493990012
2024-05-30,5.755334067036093
2024-05-31,4.455900481647044
2024-06-03,2.288470349482257
2024-06-04,3.3442463515736134
2024-06-05,3.295535133980758
2024-06-06,4.178302958476002
2024-06-07,1.46279429106574
2024-06-10,0.9059179839658419
2024-06-11,1.5843639410974235
2024-06-12,0.7955766880529388
2024-06-13,1.2018667894047175
2024-06-14,1.15053751546668
2024-06-17,1.6199774531104691
2024-06-18,2.906347525845425
2024-06-20,4.122788773515508
2024-06-21,4.263486594170256
2024-06-24,3.980457123247529
2024-06-25,4.269726529640194
2024-06-26,3.5458889811186314
2024-06-27,3.936184067286913
2024-06-28,5.312853678412136
2024-07-01,3.4873266893070576
2024-07-02,2.6082386646276836
2024-07-03,1.640018423307485
2024-07-05,1.766965810584733
2024-07-08,3.3070392332300633
2024-07-09,6.304937502256327
2024-07-10,6.467946793953073
2024-07-11,7.7458657619795845
2024-07-12,7.642330864919979
2024-07-15,6.5731839831197165
2024-07-16,0.6980530780380118
2024-07-17,-0.4332365286224429
2024-07-18,-1.9224308917331199
2024-07-19,-2.2311334285381728
2024-07-22,-0.07129207395903903
2024-07-23,-1.002903641068723
2024-07-24,-0.3580916188987624
2024-07-25,0.05339250109136784
2024-07-26,1.5827568317837561
2024-07-29,-0.3766407324118748
2024-07-30,-3.0379841022659617
2024-07-31,-0.7229094254735846
2024-08-01,-1.7085806561207055
2024-08-02,-1.6579515898972905
2024-08-05,-3.6502982516086897
2024-08-06,-3.8252522940869307
2024-08-07,-2.688283899149874
2024-08-08,-4.104244226716356
2024-08-09,-4.167338183790004
2024-08-12,-4.647109572292423
2024-08-13,-2.976176795549544
2024-08-14,-4.292480759406694
2024-08-15,-5.426416222671881
2024-08-16,-5.8359073462371365
2024-08-19,-9.477337219490273
2024-08-20,-7.964478620528567
2024-08-21,-9.4470211340232
2024-08-22,-10.721023728296023
2024-08-23,-9.896767409624541
2024-08-26,-10.231984367309057
2024-08-27,-13.364891719146895
2024-08-28,-11.969947520329473
2024-08-29,-11.453688214558397
2024-08-30,-11.031516532139618
2024-09-03,-11.4378539218026
2024-09-04,-11.890453577023605
2024-09-05,-11.333462045163817
2024-09-06,-12.539183711334392
2024-09-09,-13.08552182143513
2024-09-10,-13.254217394937076
2024-09-11,-12.422948746467231
2024-09-12,-12.179882639819041
2024-09-13,-11.631119977811096
2024-09-16,-10.811065542952063
2024-09-17,-12.35074889102859
2024-09-18,-13.995188671904014
2024-09-19,-14.321137629234022
2024-09-20,-13.358671141088228
2024-09-23,-12.546716682860247
2024-09-24,-11.755389235099653
2024-09-25,-12.353118702900968
2024-09-26,-11.775044182319553
2024-09-27,-12.27834094646691
2024-09-30,-12.361162162788858
2024-10-01,-12.61859917638882
2024-10-02,-11.64592705620309
2024-10-03,-11.81794881927744
2024-10-04,-9.643998550806359
2024-10-07,-12.271953847292298
2024-10-08,-12.576124579485644
2024-10-09,-12.346791269772067
2024-10-10,-10.860920027057269
2024-10-11,-10.374533610347683
2024-10-14,-11.290888509993628
2024-10-15,-11.285028760491386
2024-10-16,-12.04698210043826
2024-10-17,-13.359854117031473
2024-10-18,-12.517945542818278
2024-10-21,-12.725122611798582
2024-10-22,-12.544081820944625
2024-10-23,-13.79776569673835
2024-10-24,-13.605852375926986
2024-10-25,-13.49380394028034
2024-10-28,-14.306054371985624
2024-10-29,-11.888665988982513
2024-10-30,-12.448090492953382
2024-10-31,-11.83062205704757
2024-11-01,-11.748430380737899
2024-11-04,-11.69859709171775
2024-11-05,-11.478842147173365
2024-11-06,-11.223999373317792
2024-11-07,-11.830029709462648
2024-11-08,-11.843957012411073
2024-11-11,-12.67583256005527
2024-11-12,-10.78416826930052
2024-11-13,-10.708465330332315
2024-11-14,-11.583594204392558
2024-11-15,-9.093411813787617
2024-11-18,-6.19602190629909
2024-11-19,-5.792009729646069
2024-11-20,-5.889159401784156
2024-11-21,-4.96550055528171
